topic_index,pop_idx,tokens
0,0.0039547578271372456,scientist research studi cell gene use human genet scientif experi test dna
1,0.0030536588294908336,maxim sprint glenn million job verif hubbard nec romney protect creat campaign
2,0.012587504025851294,polic offic man cop uniform depart ask forc set told friend anoth
3,0.0015168621430389287,ren poland polish warsaw razor skycom factori gillett govern million author countri
4,0.0038348422037059356,qi autonom bella blackberri heng say orphan work cnr help run moguji
5,0.007459433865693145,confer forum attend deleg particip nation unit speech gather meet world organ
6,0.006247001492904392,car driver truck road traffic vehicl drive highway beij citi plate transport
7,0.007471770292801242,north korea korean south seoul pyongyang offici talk beij kim nuclear state
8,0.0023156195093552994,porcelain black glaze bicycl sword blue like cyclist connoisseur pedal floral tang
9,0.014001946278147706,republican democrat presidenti candid campaign romney presid obama polit polici debat senat
10,0.001289519660164657,corp volunt peac parol castl medic pollard sergeant jailer agenc john physic
11,0.00753541796368322,profit compani earn share revenu quarter billion cent rose report analyst expect
12,0.0037115978202131705,wenzhou xiamen citi busi mihalca peopl kamski hogg resid like merril entrepreneur
13,0.006552203812216353,counti jersey murray univers say state area use compani auburn colleg job
14,0.0032213924137124927,guangdong guangzhou southern provinc citi dongguan offici provinci southeastern govern mani econom
15,0.001502003467967026,sheng ticket clp saito ozawa cartier apac barker richemont pocket wristwatch time
16,0.009486781277285711,shirk say make tile play home set melissa game mahjong susan differ
17,0.014839561115637109,peopl kill storm flood offici sunday news report agenc citi monday typhoon
18,0.005153225272823193,fell drop index stock europ slid shed declin market bnp worri bank
19,0.005993708259335342,birth child polici famili women children coupl babi popul girl plan mani
20,0.004952055249450602,choi organ consum import feed product like produc niec food suppli say
21,0.0015935303168670351,houston miami mummi mair archaeologist paramount tarim baron corps whitney basin beauti
22,0.0006633222412780695,cave desert cliff dunhuang gobi sand mural getti gansu warner buddha carv
23,0.00018340168825068333,tribe drywal penn rug ivan delicaci geoduck shellfish clam stone rosetta homeown
24,0.009340874521441913,hong kong democraci beij freedom peopl democrat protest support govern right state
25,0.0011158399954012607,ken forb column record fear fisher guin heinz richest view author isaacson
26,0.008189124299619785,fabric garment cloth shirt say ching sew pant apparel make manufactur yarn
27,0.003868748292633234,microsoft compani softwar window million product comput maker lcd american sinovel technolog
28,0.0009063222571795676,curri chou prefectur cancel yushu inund kean frog billboard offici jiegu district
29,0.05567477571471488,china year chines growth economi new econom invest slow like mani economist
30,0.012653679311714728,european europ eu germani german union franc commiss brussel countri euro minist
31,0.003916412176653667,nation worker mani job number work huizhou report accord phuket million striker
32,0.008155251732695256,chopstick say carpent ad market american busi angolan day mani luanda street
33,0.004495375657913207,wang yi turtl say like ash use make small start known earli
34,0.003312666302967921,san francisco cruis includ fare air pool servic island enter diego outdoor
35,0.0076019430893952905,fee million price nestl offer manag underwrit share began sa billion secur
36,0.19366944849641599,trade export billion deficit import surplu growth month economist increas year rose
37,0.002729513069301218,panda anim zoo wild giant breed conserv speci natur wildlif captiv bear
38,0.005926175405517009,architect build architectur design project firm work say stadium scooter offic allison
39,0.0060153645230098755,tea cup yak sip leav like drink green tast butter teahous use
40,0.001786726465794531,turkey turkish erdogan istanbul tayyip recep lira ankara hartford prime connecticut fairfield
41,0.008605557124998943,oil opec said yuko barrel day offici price iea million oao world
42,0.0007307508291753629,taylor fisher cannon plume accord sectf unus rosenstein benefit anthoni ruggiero trident
43,0.006525002648401653,ice snow cream melt winter cold frozen temperatur make american freez flavor
44,0.003751404633524511,glaxo attack stab knife wei glaxosmithklin man doctor school gsk children mental
45,0.003731928721650419,puppet violenc veil domest women bryant husband say sunglass beat american mistress
46,0.0013116379741664602,christma holiday parker tree decor rock simpson light lushan eli michael busiest
47,0.001723322085353807,yum kfc pizza bell hut brand restaur chain taco ricardo nation use
48,0.00288455796089115,lee stearn zoomlion sani bass terex solomon caution say bear date firm
49,0.0015816577101301639,yun liabl compani larsen cylind rosneft classif industri renren emi report adjourn
50,0.0032152479269908075,paint art work artist landscap imag tradit painter scroll color calligraphi depict
51,0.0654782589352991,stock market index investor share trade china hong year shanghai fund manag
52,0.0007419823434030852,bradi jim rep thief distil yardley peso small break wellington reev craft
53,0.0012753064544448794,tang zou ru dodd imperson mpaa accord group 27th time end licens
54,0.0005556933192883969,kentucki yee kati gent bevin board iron seymour intern bumi derbi governor
55,0.010331506094114214,death execut peopl sentenc crime offici public punish penalti govern report case
56,0.004810286593084249,zhou parti offici corrupt investig power commiss communist anticorrupt senior polit disciplin
57,0.005521005467465256,bank loan govern debt borrow local credit financ financi beij compani say
58,0.003947316839065531,meng arrest canadian huawei extradit canada detain vancouv state charg unit case
59,0.01391130424601036,job hire say recruit manag compani busi work colleg graduat employ mani
60,0.003316442593468029,nut pecan frank welder make construct mockeri walnut intern believ market shell
61,0.04221953955329106,taiwan diplomat beij relat tie tsai econom countri trade govern recogn foreign
62,0.0033014901595303284,dunlop tongu region cure shave talk ferment cross onion fuchsia ox make
63,0.0050506637880532715,hospit patient doctor surgeri nurs use perform say procedur treatment mani blood
64,0.0008774058951152865,mideast cleans drip unesco dye reserv requir nye toughest reflex misconcept stop
65,0.0012839833600814892,unrealist pessimist yield pessim repo collater capit rate graviti market invert amcham
66,0.00328013834802163,drug fentanyl traffick heroin opioid addict pill use enforc illicit overdos death
67,0.008505834608371841,ju blossom shanahan father say jorg like ok brother peopl want skit
68,0.007758161846502391,social post onlin facebook media user weibo twitter messag websit comment microblog
69,0.002161829418801243,imax compani avatar theater plan prefer gelfond morgenthau bian screen technolog work
70,0.003997241863571393,lane area way tsvangirai california nation million countri harvey help hewlett make
71,0.0008650396183838627,malaysia malaysian search kuala lumpur plane flight airlin offici ocean radar area
72,0.00033329927132654024,hammer marx lenin barefoot bolshevik occident ramo sectwk sluic orwel qiqihar zhe
73,0.002713976793021798,qualcomm chip broadcom nxp antitrust mollenkopf san asteroid approv deal place regul
74,9.396416273383502e-05,mcmahon dinni novarti bayer efsf nielsen eliot monsanto chemchina cello chemic david
75,0.0031244172900607905,adam shu goodman kaplan pritzker concept sellar ghetto jindong vienna build spider
76,0.037169639402767525,india indian delhi countri modi minist prime singh say trade world grow
77,0.0015112113049870098,harri hungari republ czech potter regul poland eastern foreign slovakia accord rule
78,0.006840434029417176,compani tech internet googl data technolog servic user busi use baidu market
79,0.0014085376260515145,pepsico film star hanergi seri stori kate thriller murder includ nuditi world
80,0.0038596964606056935,noodl cook veget sauc garlic rice oil pepper chili dri like use
81,0.005517978621284109,firm audit account compani sec auditor oversight regul deloitt board affili work
82,0.0030334454556938716,divorc hessler marriag bennett peopl peter valentin coupl marri raven countri spring
83,0.0032808569736802002,church christian religi religion govern worship faith pastor group member protest congreg
84,0.04181876940068135,iceland cafta say countri standard trade salvador domino export hormon leo govern
85,0.003675595892494733,treati convent race arm magnet control deploy warhead arsen field cold limit
86,0.016595661127995535,compani billion invest stake deal investor million ipo offer group market firm
87,0.002112135994219714,bower minist power balkan ernest busi govern parti dongbei issu privat offici
88,0.0060515264540087575,design fashion brand creativ style york creat luxuri like pari magazin london
89,0.00032336873258033384,qiu yard qinghai whale mammal tak seaworld xine jumbo sewer foreign yoshio
90,0.004815310766100234,cigarett smoke tobacco philip health smoker compani ban world american million marlboro
91,0.008098656746658384,stori novel charact life love play book tale live fiction work young
92,0.011758540995462268,program million popul nation agenc abort fund plan unit support famili censu
93,0.006797418666280193,war medicar indefinit state hurd unit say nation american thucydid cold lavin
94,0.010051175420136957,countri minist economi berlusconi like good say polici fink econom critic need
95,0.029205324160866807,watch swiss hamburg luxuri switzerland watchmak skin say franc dial busi lauder
96,0.007946669234782927,project infrastructur road billion invest beij countri build econom belt plan develop
97,0.0016583042401140506,uncl sam bear zhi stroke unexplain hick sent bile liangjiah use fuzzi
98,0.004603411166311272,evan horowitz illumin dig inform market say massachusett outlier reach happen govern
99,0.003048675160501821,chrysler fiat jeep detroit sohu hayashi yuka ad american neteas compani portal
100,0.0007095277855234304,macquari palin sarah pierc hyundai develop sahara talisman babcock billion qiaowai boten
101,0.0011736495098407722,cancer liver hepat lung diseas treatment vogel medic carrot therapi treat develop
102,0.011283030418983254,elect parti polit vote democrat candid govern democraci voter legisl beij seat
103,0.2723282900451215,tariff trade trump billion good import war impos administr beij presid retali
104,0.0037712437734421307,myanmar burma govern militari countri burmes suu kyi aung san ethnic junta
105,0.011765336733094333,engin contract compani sell sale technolog deal billion industri helicopt buy sign
106,0.005540729431704916,ben bernank reserv chairman fed feder sdr global dollar market say setser
107,0.04282267531833939,paulson henri econom secretari treasuri talk beij market trade make american open
108,0.00941552259307692,percent survey american poll respond public unit say view conduct percentag state
109,0.001373404724317994,miller john scot funni columnist caller portend econom lehigh problem scari unlik
110,0.010868639854633764,drug pharmaceut compani approv say medicin patient market pfizer treat gener clinic
111,0.008312100098763596,auction sale sold million collector art christi sothebi sell market price collect
112,0.0036518905737907563,rescu captain ship survivor ferri boat passeng crew yap star peopl disast
113,0.004936069978697183,univers professor research institut scienc studi academ scholar center school academi work
114,0.001534559545086456,zeng rebellion platt taip heavenli minist zong countri british stephen wahaha nation
115,0.003321427234314296,avon ebay compani whitman execut chief say busi xerox jung pearson merril
116,0.008708640085596716,han fair basel art ningxia say ark galleri event noah exhibit director
117,0.0026355916084882408,citic princ frontier mcc sino compani project pacif congo secur phelp like
118,0.008001091570432405,imf financ minist fund countri offici monetari nation meet intern lagard brazil
119,0.0009302016521558427,emperor imperi qing dynasti palac min forbidden empress manchu qianlong ruler rule
120,0.009922559572804834,market financi mani economi econom global polici peopl presid got investor invest
121,0.06079345670428615,macron trump leader presid franc emmanuel french trade summit world meet unit
122,0.0033239835634225868,plane air pilot jet fli aircraft flight fighter forc land flew aviat
123,0.008040735143526928,internet domain govern countri control global cadmium icann address includ intern soil
124,0.0021681097028856872,lantern sculptur park light head ling includ countdown peopl antelop heaven live
125,0.24520882643943112,trade american econom trump tariff countri global world polici america free good
126,0.004794133773291727,expo pavilion newman barnett lian world british million fair elliot nation peopl
127,0.03899312170029731,tiger bone horn rhino govern trade conservationist demand anim world intern medicin
128,0.002375566692769002,mcdonald librari rosen old pamela shapiro restaur werner french kiss outlet american
129,0.00020871983002414328,tomb xian ancient excav buri qin discov discoveri archaeolog silk site burial
130,0.025251932206055604,stern isaac reprimand cabbi corker hall say gunpowd citi covec charleston trade
131,0.0053825048607795325,soviet union moscow relat western diplomat visit offici unit state american talk
132,0.010046117394028583,sri lanka presid countri lankan nation minist govern port colombo tamil bali
133,0.0028523493864517826,cai humphrey glaxo memo reilli coupl background state limit pay lexington time
134,0.042258670679926974,whirlpool applianc bead wind trade compani gamesa govern market turbin yam local
135,0.00486104912341314,malaysian malaysia mahathir najib low say prime ringgit minist 1mdb anwar mohamad
136,0.0063203433454530914,currenc dollar bank central rate reserv market weaken yuan devalu countri renminbi
137,0.003652013150165436,debt euro crisi europ european bailout spain govern financi greec zone billion
138,0.16947191762968516,trade import duti case tariff commerc impos export rule product industri complaint
139,0.0004982543900412267,sum dim cake richmond seafood dessert bakeri dumpl wrapper booth coconut sticki
140,0.0033299038755795233,hunan changsha xiong unpaid reit owe pay daca come fanfan day piper
141,0.0006745625896150526,gan linkedin palmer crocodil intern lacost miliband john wand anglican ballmer okuno
142,0.007036051237072006,su morri ink bryan help chang pillsburi associ peopl benevol commun say
143,0.007610793223838031,nepal nepales maoist katmandu mani like polit king countri kathmandu peopl nepali
144,0.0062499431416874135,militari armi ski western analyst civilian arm diplomat figur make commerci busi
145,0.011605434190195982,report news kill offici die peopl provinc injur accord death hospit agenc
146,0.006196683363579872,motorcycl like cadillac buick famili say hongh mani car countri hannah whitehead
147,0.06201068393892588,currenc manipul treasuri trade senat administr yuan schumer beij snow report congress
148,0.0020537926137302953,cook tim potash cpi price bureau jone consum subindex journal dow reprint
149,0.007776034498519684,communist power parti polit leader regim rule peopl like decad countri gener
150,0.0029049797051114387,sen interim nation faction hun govern unit princ maid peac sihanouk khmer
151,0.0030789593600051403,lock honda juic transmiss bonus fruit foshan zhongshan walkout level drink recruit
152,0.013155646878207031,climat chang pari global warm agreement temperatur countri presid action polici world
153,0.0003924859520695052,thompson kai utah cowboy dempsey sectsr hitler toko sekiguchi empathi adolf touch
154,0.004818823831095299,brother van dutch lehman freez netherland amsterdam jan rand chapter point vogu
155,0.004033191955011728,tunnel dominican haiti republ want splendid rate ku karber street book best
156,0.0005418135654170335,franchis dunkin bray doughnut hiawatha h1n1 bona fide chain coffe franchise donut
157,0.00653496131040965,digit rogoff govern cryptocurr use like dalton price global money kenneth perhap
158,0.009955009366431096,say ghani larung gar like bhutto food help resid work ashraf american
159,0.006722821625282411,mold seattl tool murong cnex make say compani tsipra syriza sato industri
160,0.0030219799946683617,lobster uber didi main price chux pound kuaidi market live compani browser
161,0.004560387584563489,lg compani work cost hongqiao galileo plan regiment servic market set sinc
162,0.0028153405961056826,dong duck tam shang onion rub hisens kou like kunlun skin bird
163,0.07944537928828216,minnesota minneapoli export trade twin product state million percent busi compani polari
164,0.0010777941349434763,orient weinstein et blindli drama soap xiaolu rato salad american dagger cmc
165,0.0065262531991998165,xinhua news media loretta accord financ world plaintiff nie govern million patriarch
166,0.004856525887326554,ho superior tennesse say alexandra berger sjm packer pansi roland 4th compani
167,0.004202562770914839,ai weiwei artist dissid polit beij critic design day twitter use poet
168,0.005129921315572466,wine bottl drink french say bordeaux import wineri produc vineyard tast winemak
169,0.00439994372705189,cultur tradit moral confucian confuciu idea peopl modern philosophi philosoph communist ancient
170,0.004385446115406634,lo angel york brooklyn california manhattan famili nai billi street citi sunset
171,0.0043328927678366255,compani buyback citibank vodafon invest hodgson market investor mcbride unsolicit share deal
172,0.0015936733526001115,gray town charli state offic bridgewat sheriff resid citi gunman commun feder
173,0.008438735234405852,rural citi urban land migrant live million peopl farmer govern villag mani
174,0.132175913413555,round countri trade develop doha talk subsidi minist cameron world deal agricultur
175,0.002276982768158103,smith byd buffett mccarthi berkshir hathaway kahn herbalif compani pegatron california ackman
176,0.0017984634502139502,airlin carrier air airway flight aviat travel fli passeng plan oper intern
177,0.019716061449040555,hu jintao presid visit leader beij meet parti state trip jiang head
178,0.004591113530131486,bird flu viru health outbreak diseas sar case infect offici spread peopl
179,0.005076527951038974,shanghai citi build center open bund pudong eclips old district world includ
180,0.11503567470440741,talk negoti trade offici beij meet trump deal presid tariff week washington
181,0.009933716936948458,famili parent children mother daughter father son girl american child home say
182,0.012675081625956982,iran iranian sanction nuclear tehran oil deal countri intern offici european pressur
183,0.27465686714976234,agreement trade deal pact negoti tpp sign partnership countri econom bilater includ
184,0.00366564669000911,chongq bo parti polit chief heywood wang offici consul politburo british leadership
185,0.08724042817582167,wood bretton trade chong bank stock world britain block intern financi declin
186,0.0030410335358616114,tibetan tibet lhasa monk protest govern dalai lama region olymp exil peopl
187,0.004791474116821802,yahoo tandem doll airbnb tao loeb local tseng peopl stake like say
188,0.0010701433101931181,hong kong mainland citi shop station kowloon lam district harbor road victoria
189,0.0053701527540134615,plant power nuclear build facil plan reactor construct electr oper capac project
190,0.005174368552878308,qian htc say citigroup branch ge taikang offer beg consum junya eastern
191,0.008899146075558025,price cost higher rise increas inflat consum rais product demand rate economist
192,0.0039012948954773026,danc perform dancer ballet compani center choreograph joy mason present georg program
193,0.0083857243360539,offici foreign report beij ministri govern news embassi inform state diplomat spokesman
194,0.00018603874331116557,myth quan vanc commonwealth eaton knot pak ouyang salzman sync lindsay calmer
195,0.0017503477548638342,le pen polo nation globalist tribal nationalist marco mozambiqu pacifi western habitu
196,0.025881320497943557,compani strawberri manchuria countri dampen dia frost trade yeh good servic conscienti
197,0.002302208775323044,sanchez product jabil recaptur presid costco maxsa electron plant west omar guadalajara
198,0.005465875137252632,yin rap group like countri bangladesh center cabo spit crest rapper nightclub
199,0.06472404508359576,tariff compani product import cost price manufactur trade good percent american consum
200,0.008352786526834789,vaccin hunger immun dose striker peopl like say world disord diseas work
201,0.0021972201917033734,festiv event celebr featur boston includ annual citi music street june host
202,0.001698613897080105,oecd burton gere spectat hannon annan fei second day flame vi cooper
203,0.006061789928670397,sorghum daisey micro gaed work agoni say ecstasi use time steve ad
204,0.012408181300393017,xi jinp parti presid leader beij communist power polit leadership term meet
205,0.005952709011925616,space satellit launch rocket orbit program nation station man technolog astronaut plan
206,0.0009356148246380864,pacif cathay shao employe csi swire dragonair dragon order hawaii million melani
207,0.014918925084999623,invest compani foreign say billion execut busi direct firm countri oversea mani
208,0.010453962670439325,school student educ high public privat local tuition enrol intern offici oxford
209,0.0014456409507905446,snowden edward bbc surveil nsa allen contractor american document revel wikileak program
210,0.0011325169363382674,cheney dick liz po claiborn marchionn pruitt eutelsat vice sergio dram mosaic
211,0.11519808535195923,powel fed economi trade feder presid trump cut percent uncertainti reserv jerom
212,0.0101370521615707,labor worker work factori compani condit group employe hour supplier report pay
213,0.008760129611439455,adopt guidelin countri agenc intern say orphanag rule american children requir singl
214,0.006695836952936088,mayor bloomberg citi york reuter news busi michael thomson compani financi event
215,0.0055911660419928535,secur attack hack govern comput hacker intellig offici inform use target data
216,0.0033144129680212904,market schwartz neglig breadth harbing felicia rung investor durham stock limb gallagh
217,0.0014715191618610145,feng shui master societi fairfax nina support fall superstit center brennan chinachem
218,0.0062181028833472995,coin blink redeem bank sasser catalonia lester comptrol catalan spain exchang like
219,0.0029042997182365986,liaon rumsfeld report carrier donald northeastern erickson beij cirino depart critic jingp
220,0.002419303543093845,award prize malaria winner pawlenti nobel work hmong mead olson parasit honor
221,0.006601569454189912,saudi arabia price oil kingdom opec market sinc arabian week global countri
222,0.009776453740598903,import seafood fish food say product export fda shipment antibiot shrimp contain
223,0.037880507099782725,putin russia vladimir russian presid moscow kremlin deal leader countri trade relat
224,0.0016560916081039697,moon lunar mission land nasa space explor mar astronaut program shuttl far
225,0.0008800310146942454,kuok csx gener scmp busi surf yalong pedigre fontain unicef junshan includ
226,0.020863799031477157,news report newspap media daili publish journalist editor editori peopl paper articl
227,0.001648475609703067,roch delphi secondhand citru peppa tamiflu zhuo david includ nation work produc
228,0.0054982947054173495,resal rebalanc peck say lawn hill make stratton brigg number district big
229,0.0012711347583798079,cathol bishop vatican church pope cardin priest govern franci beij offici appoint
230,0.0031385192442700692,nixon burn presid uganda patterson foreign vancouv hous street ugandan offici sperl
231,0.11232308194269192,mexico mexican trade american import export north gutierrez countri job nafta free
232,0.003511857493266508,swap wilson burberri arbitrag launcher cost forc need squadron gravest mayila airmen
233,0.0016989492652160108,santa ferguson hoover niall stanford paradis houthi fellow whatsoev ineffectu make hagerti
234,0.014668975683574326,card credit fallon use debit colbert say watch mean accept check night
235,0.008466265975134007,govern pension financ social offici local money nation privat fund central state
236,0.003407193212261187,googl tiktok schmidt bia byted brin compani pichai ad video execut sergey
237,0.00609695609434545,state secretari offici depart shultz roy senior ambassador washington trip administr meet
238,0.003338732362263601,einstein harrow beij wig say xinyang quayl solicitor wherewith albert pamphlet peopl
239,0.008965119758657486,like cobb american floor look tenor day big work real week make
240,0.00033844025430087676,lang turner plaza emili prodigi erica gardner clara awaken episod fincher asian
241,0.006626319101854912,protest polic demonstr govern peopl citi street sunday march offic crowd ralli
242,0.004001967008601028,militari defens forc pentagon offici navi american missil aircraft naval air command
243,0.013868571034326206,jin liang ha pomfret fairbank stori classmat cultur american life good left
244,0.006444010311676038,cui disabl meyer tiankai peopl govern beij wasteland thubron million want like
245,0.005152881839825614,ethic report compani kushner famili includ busi disclosur govern divest project million
246,0.0027850472722807853,bo gu parti famili xilai wife heywood son accord murder british communist
247,0.0015912843553969127,liu nobel prize peac xiaobo award beij xia govern charter committe wife
248,0.013408211986124838,group govern wa state offici say mong ethnic reappoint bahrain shwe mani
249,0.0031618380372226214,pollut environment air govern beij offici protect environ citi industri factori problem
250,0.0038987938079079252,mao revolut zedong cultur communist red great chairman revolutionari histori guard leap
251,0.0011981308477497221,bat newton ontario caij stamped degroot exchang skype huarong govern biometr maya
252,0.004382236090876385,hwang american consul diplomat depart sound casey symptom abnorm employe work headach
253,0.003770457141407036,hay semioffici million countri almond freeport industri newport export market royc plywood
254,0.010387814212700673,iger zandi world say make gmac like price mundel look think global
255,0.003069045757918334,nike dentsu compani set offer site piec gorgon replac make western way
256,0.007616951051699888,freeman servic joanna like slater capit world economi ndf mean say export
257,0.005908411507927349,law compani foreign rule regul govern commerc busi depart requir restrict offici
258,0.005019816595691256,civil servant guang netcom tiffani pccw say million servic includ widest fo
259,0.002345068710346665,canal nicaragua chatter payrol week trader employ currenc report nicaraguan apr panama
260,0.0022524353523292154,lien soong recount chan shoot chen nationalist jame saturday soochow presid parti
261,0.00015608754339182436,buddhist tibetan monk lama templ tibet monasteri buddhism dalai buddha religi prayer
262,0.010865587477805036,feder repeal nelson trump administr requir protect epa loophol mandela rule court
263,0.0059352356416818,organ group nongovernment nonprofit govern work ngo nation foreign intern mani namibia
264,0.003393069907884982,hong kong leung mainland lam citi beij polit say disappear lau british
265,0.005976785872223497,car auto vehicl maker motor compani sale market ford industri automot automak
266,0.01198335260817738,art artist work museum exhibit contemporari galleri cultur york like curat open
267,0.009911744932501517,canada canadian minist toronto trudeau ottawa prime govern british columbia justin harper
268,0.007159029828771698,countri say burkina beij faso food tri day week american way xintiandi
269,0.0061761815208058795,strike driver taxi govern guizhou shenyang citi offer lanzhou demand pay author
270,0.05876655835126604,deriv million mitsui lan forti loss cao trade incur aron compani bale
271,0.004072993872531362,watt search play pacino time jake preview maxwel travel chang wiggl mamet
272,0.004462592627157243,patrick governor mi mission okada massachusett belaru ipr busi meet note deal
273,0.10754714558438362,china said chines new year servic dow jone articl licens reprint beij
274,0.004571438745982734,ji hawk chiu changhong apex kitti keat american beij sichuan like otter
275,0.0025798268605874445,fiji norton develop econom busi countri includ close rami small region zetsch
276,0.004377583175435181,visa applic appli program foreign countri process requir servic obtain grant resid
277,0.0033465555791637775,saic govern shear brand gac wule affluenc plenari chines central market say
278,0.008476578388524253,parti deng communist leader offici xiaop committe polit central member peopl leadership
279,0.005096264121607742,peng jewish jew mall kaifeng dupont say commun usf synagogu liew honey
280,0.0012281701308292058,seeker ari morsi brotherhood neighbor yao street neighborhood alexa hous arbor man
281,0.00259768744543918,mainten shah lopez rupe obrador middl eric class bellman govern oil deal
282,0.001170185240617373,tianjin explos blast warehous chemic hazard port rui offici compani site guthri
283,0.003827335468081612,argentina argentin bueno air shaw kirchner countri govern central bolivia pai huijin
284,0.00825356725020354,app store citi world download develop remov like law time hong peopl
285,0.00103481709009108,stolen infiltr password nortel proprietari northrop grumman includ pilfer million shield compani
286,0.0007931570885239378,log timber lumber forest hampton million board candl hopkin rfa sawmil oper
287,0.004934045550419705,bitcoin vari price currenc make yiwu tax govern anonym virtual howi bank
288,0.010351746820123083,brown cat rat andrew strategi sim state threat american unit epstein world
289,0.016270353098246215,inflat china price increas govern year rate rise bank said beij rais
290,0.004848067682129831,aig kuo aia curti bergersen life peopl group say ame decatur help
291,0.00509681772451873,hong kong mainland british coloni britain citi govern peopl territori busi mani
292,0.00955262008444283,bridg engin build standard nation economi develop world say american state infrastructur
293,0.006129213816367734,parad celebr flag joyc want say american group dragon world washington display
294,0.03990891724448225,kerri john gucht changchun cattl export trade compani agreement faulti market countri
295,0.012975778586498996,japanes japan war tokyo visit minist koizumi prime shrine world ii relat
296,0.006472006900445433,australia australian zealand sydney minist prime canberra countri influenc melbourn foreign turnbul
297,0.006124705326235014,local govern provinc provinci municip beij jiangsu yuan citi central ministri author
298,0.00739527262118225,bank financi foreign financ busi institut servic regul intern compani access jone
299,0.011333680493091422,fund invest manag billion firm money asset hedg return capit group cic
300,0.005369720183454314,port ship contain paper freight custom good compani logist load shipbuild industri
301,0.03298131637715646,vote veto approv overrid connecticut presid favor today state passag york talli
302,0.004254593152310931,hna compani scaramucci skybridg anthoni say cpmiec firm dell sell guolian busi
303,0.007920963895009061,veteran live work time like hous long servic coolant biopharma peopl make
304,0.01347898982967005,senat hous administr congress state presid offici democrat republican white american unit
305,0.0022293764483221966,bao bei rubber moulton keeper evergrand seth chesapeak crate 5c enclosur like
306,0.004637322685134751,harrison mundel sharp say tso ezralow kurtz zero exchang iqiyi way gamelan
307,0.0028589740612398294,cha nylon minxin claremont mckenna say pei optic yung probe nino inter
308,0.005477877630809855,shi pu boursicot mullen man say thierri french tell think pei document
309,0.0019364779399077714,chu colonel discoveri koppel eagl charlen email includ report credit work unreport
310,0.005085382197558052,payment mastercard say unionpay firm atm accord beij big presid american washington
311,0.003606434094875235,dalian bangladesh collid particl garment physic fork countri mani amway say physicist
312,0.0034692082919321244,page jeremi york b1 nation c1 sport citi a1 busi review presid
313,0.026040024532519877,nomin flat rebat rate real bracket notebook rothman econom target quanta trade
314,0.0066068996913539145,taiwan taiwanes mainland taipei parti island presid nationalist govern polit beij kuomintang
315,0.003881501830546576,ship port cargo vessel compani shipment offici carri transfer accord cosco transport
316,0.006116897087424637,tiananmen squar beij protest peopl govern polic crackdown anniversari violenc june riot
317,0.029799286275189258,mutual etf fund fidel expens dividend petrobra invest ratio gener trade planner
318,0.0018375268519016737,yu cousin famili binggen hous jellyfish home live small father yin time
319,0.0007397693013409223,ying exil tibetan refuge dalai lama rinpoch nonviol live dharamsala tsundu thondup
320,0.05410306679473341,think peopl want like know thing say lot realli make look im
321,0.00352964321452959,shenzhen zone special peregrin differ like demolit southern baishizh secur buy make
322,0.01500059806277855,american america world polici power war state global unit nation like econom
323,0.003941293622454136,ordo sarkisian sanit say radioact radiat kangbashi blustein bathhous record mani countri
324,0.008186182177070041,standard 3g say licens ericsson mobil fishman unicom 4g countri servic set
325,0.0034937858590558006,peacekeep darfur sudan genocid sudanes dahlin town khartoum peopl forc militia work
326,0.0007241295140972966,roh gibb crib petti moo fiorina uri proposit rodeo supachai ad assembl
327,0.003317100550248258,member citizenship world servic group say birthright fukuyama advocaci time secret past
328,0.002782806703191492,cranberri gem matt mckinsey potting grower market bunker industri massachusett state moratorium
329,0.004037494405736302,american depart exclus aluminum request unit process continent grant exempt industri compani
330,0.013432146510830906,tree peopl canari inconveni mani idea comrad make like way use everi
331,0.0031187989693478727,roller govern coaster econom debtor reschedul offici inflat price cleric million time
332,0.006656918163272612,ning settlement inbound cornel flounder time news say presid sunday mou associ
333,0.0005368606332767987,compound anderson carney fortun cooki selfish pharmaci kantor bosch radvis control oleari
334,0.0013927569343506771,rebel libya libyan hostag nato stronghold govern forc mali tripoli algeria rescu
335,0.0017475686759272698,toy lead recal mattel kabul afghan children lab karzai test safeti cpsc
336,0.002465300199690884,econom japan nvidia intern schuman gymnast foreign big economi leader sponsorship nation
337,0.008196720361905118,iraq middl war east american iraqi islam state militari forc iran world
338,0.004560962999925027,audio tudor home live tulou hakka eduardo say make mani product road
339,0.003928024704430024,reloc ruan resettl nu way unforeseen fall offici govern need come develop
340,0.013516636587295102,clinton hillari secretari state rodham depart washington american rais campaign presid gener
341,0.16576035525361046,american trade unit state trump administr deal presid negoti compani agreement like
342,0.006969638759702375,chip semiconductor technolog industri compani use comput intel product export manufactur world
343,0.007865909870644354,amazon jack compani product seller busi say titan softbank small custom make
344,0.003992661677465879,plastic bag wast recycl trash garbag use dump landfil materi collect pile
345,0.004264951147525201,north korea hill pyongyang missil nuclear yesterday talk gordon program dismantl jone
346,0.02909126511454907,shelf imprecis dion flake unit billion trade gallimard amgen isa includ area
347,3.2293103262142934e-05,yue zuo zi scallop staci gra mose truffl entre foie caviar tradit
348,0.001769416998679534,inclus wuxi outward comcast encrypt mia chipmak talley standard billion lamar world
349,0.013786359371965507,market stock investor global economi drop percent price financi fell fall plung
350,0.14430827650916847,tariff trade american trump unit state billion presid war product deal good
351,0.0016524248853595684,leak mu offshor tanker member condens report estonia crystal panama consortium rel
352,0.04227232331641242,trump presid tillerson secretari state polici foreign white hous rex advis campaign
353,0.07455742165626805,american trade trump unit administr econom presid state war tariff economi compani
354,0.0006519430678402871,mongolia inner mongolian nomad zhuang grassland herder sheep mongol govern region ivanho
355,0.005029720996442762,pla pew jiao gener peopl hurun offic polit command beij accord say
356,0.0025729294964494916,boe aircraft aviat jet order plane airplan airbu commerci compani jetlin aerospac
357,0.0036051677998546676,zhao ziyang parti prime leader tiananmen minist polit beij student offici presid
358,0.08456016463127909,compani list stock exchang share secur market trade investor firm regul public
359,0.0024642049087906146,flight passeng servic rout airport airlin aluminum intern fli air nonstop beij
360,0.002711062119360237,dealer inventori xing discount dealership sale associ lexu month offer gain 57th
361,0.0029362295559919992,jpmorgan xiang honey dimon jami chase skin boj hire want american insur
362,0.005379435429068747,restaur food dish eat menu chicken chef serv cook dine like meal
363,0.004998844022431866,econom america incent save success lesson lie develop world misguid institut cut
364,0.0038314778971181183,newark undercov mice obrien export uniqlo peopl use stencil motel tee work
365,0.00020370024506809986,fosun wagon ferrari luxuri cash etch porsch infin wise zurich ohio lanvin
366,0.004620823160804639,abba say bee linebaugh help time versac local mem kate servic pratt
367,0.0001818309619645221,sweden swedish saab stockholm nordic bso doyl palau bermuda muller kronor scandinavian
368,0.011437425187343395,pet food peopl let governor govern need feder care american want health
369,0.0027445665018382462,eden prairi moslem welch dolphin yeung blumenth river make chi courtney use
370,0.0062239745407262695,indonesia indonesian jakarta countri suharto kuwaiti like joko widodo natuna recent follow
371,0.0031775994139915534,conway hagu famili news commun cremat today kellyann seamen leader peopl die
372,0.0019416751397567263,lithuania budapest refund report juror research racial slander popul nation latino black
373,0.00650591532373836,hao scheme pyramid young peopl mani group say shantou wuzhen make month
374,0.00978247115658989,brook lou model retire stock say siegel queen peopl jiwei sell work
375,0.0051887974078333845,park disney ge theme compani walt execut disneyland say open plan million
376,9.691419184106272e-05,philanthropi rockefel huo philanthropist philanthrop crept welfar butterfli insidi impati donor uninterest
377,0.0037493340426247067,hungarian american remain blackston mcdaniel 3rd tri play world like luxuri worker
378,0.005169758136757153,israel isra palestinian netanyahu benjamin prime tel inmat rosenberg aviv prison bank
379,0.0003224509785431523,marshal thaksin del shinawatra rosario gloria albert oxygen pingyao crovitz arroyo base
380,0.0038262628145026728,dalai lama leader tibet meet tibetan visit beij exil govern talk spiritu
381,0.005530620294983598,save household incom consumpt consum spend growth gdp domest invest rate servic
382,0.004325362219606327,auction guardian poli art hous steinway sale market offer compani beij cultur
383,0.001570393200106875,wushu bronx elev freighter nun deliveryman kaisa aground ezubao mani day jen
384,0.011089023544545164,border disput ministri foreign territori area claim visit countri minist offici rig
385,0.003402631209042317,chiang weng truman macarthur gener war nationalist american generalissimo stilwel museum command
386,0.0020302374262357713,chen offici famili beij guangcheng hous blind activist leav wife escap embassi
387,0.0002990203660051273,nest cartoon pi studio bird havel bator npc ulan san balloon beij
388,0.004983333544801258,huawei compani equip technolog telecom zte network telecommun 5g secur govern wireless
389,0.006549374196807928,shoe footwear pair sneaker shoemak boot balanc like monet huan work size
390,0.03664050186312284,singapor roger execut temasek trade loss compani charg hold cao disclos oil
391,0.004621884640293058,panama nba kowtow panamanian iv say noriega mock peopl slightest potomac basketbal
392,0.002794044257026121,food smithfield melamin compani shuanghui product produc scott pork sicken candi industri
393,0.0029415882123264474,glass salt expressway like yantian glassmak lau toledo windshield monopoli yanjiao hewitt
394,0.0025135166279202786,south thaad lott deploy park sister american korean brother boycott antimissil live
395,0.03307788067470031,wall great street stamp section built mosher ming mile use hike construct
396,0.005157339899942047,hong protest kong govern lam polic citi beij peopl movement demonstr extradit
397,0.007125780491482129,exhibit photograph open art museum work american galleri featur artist nation street
398,0.08708987763708337,bitcoin renminbi exchang currenc trade virtual money cryptocurr digit transact peopl like
399,0.004912979670894788,bomb iaea atom say hiroshima steroid board deton use elbaradei juli concern
400,0.00818853548622742,dog orang line subway rider car commut footprint red mbta anim train
401,0.005730349414516744,passport oneil wikipedia say blizzard entri encyclopedia labrang activis peopl sangay wan
402,0.0085675322459265,offici corrupt parti local govern beij public scandal communist investig peopl case
403,0.009393082071865963,sudan govern south presid countri kill zimbabw minist nation group attack mugab
404,0.003917390057212773,north korea missil nuclear test sanction unit weapon state ballist pyongyang launch
405,0.0020451281664852377,trial jiang gang defend polit charg widow leader confess crime guilt miss
406,0.006869110004204277,rate fed feder central inflat rais bank market reserv economi polici expect
407,0.0021845553144213183,chun swedish gui mighti gome minhai bing beij weight peopl current bain
408,0.001435436717090081,roubini maci million kumar week nouriel piao sanjay spend beij polio continu
409,0.0005565114431354369,zhu jacob lew oster shai reprint licens canav sky nakamichi jone dow
410,0.000823007956576692,grandfath aggressor nippon kishi takeshita sophia kaziani mankel okinotori today macbeth hirohito
411,0.004647481070308426,technolog innov research industri develop manufactur compani product advanc firm american scienc
412,0.00468370226653796,jasmin smack brzezinski gale alastair peopl registri runner govern say ran zbigniew
413,0.005129303452582161,ir account say govern ub american chernick nation vessey foreign plagu middl
414,0.0029557192035402986,fox parliamentari invalid randi hutzler denyer announc unseat twelv vicent lenient stalwart
415,0.0033243298862320326,cotton price fiber unilev compani ndrc govern tcl product cost consum maker
416,0.0020340067728178614,dispos diaper servic stella regul yifan cfo asset industri manag use fdic
417,0.0026288538495157893,icahn joke carl humor tsao accord advis time mani white hous rubel
418,0.007891674459933908,develop estat real build properti million citi project offic market invest accord
419,0.023130328295712765,honey walter mcauliff mondal nation million wolff canola virginia trade countri econom
420,0.01326408001824033,worker factori job compani manufactur labor wage work employ say industri mani
421,0.002799699825634399,cheng tip jonathan bamboo use transduc centrifug jamili help lovel natanz depart
422,0.006168671201841069,charact mandarin like play star english dragon scene action set direct run
423,0.010081338462375113,book publish translat titl print copi author american english edit press pari
424,0.007084605690586856,sun camera beij qin dai surveil peopl hebei video gang govern offici
425,0.005104542602112147,lin ni wichser say capuano forfeit live think work pressley support bleed
426,0.01973188310864386,right human freedom law activist govern lawyer polit peopl legal advoc critic
427,0.00010614775390419942,weinberg lamb dumpl bun noodl frequenc steam stew diner oyster nyt freshli
428,0.007207010748944052,speaker pelosi nanci hous democrat propos levin lawmak boehner servic foley jone
429,0.21539762700021745,china unit chines state trade said american percent year new countri world
430,0.004188201792481716,river dam yangtz project gorg lake water flood reservoir peopl govern offici
431,0.0002510885142079373,shorten murphi morrison dongfeng alexand karmapa saint model colum dorj masculin coutur
432,0.0037781835583775097,pakistan afghanistan pakistani offici afghan taliban terrorist milit group islam militari countri
433,0.006446966221109604,bank lend loan rate central deposit credit borrow fund cut financi money
434,0.002626258953894531,song pan sing dylan acid includ beij young set cassett vivendi short
435,0.006012561999952573,czech pragu citi say zeman terril york ye republ peopl offic presid
436,0.01506543891279847,fan lei scam fraudul katz renault man programm accord fish million work
437,0.002021252196660286,dairi milk cow deer farm water chees california farmer product export knopf
438,0.06165102957468499,currenc yuan china exchang dollar rate trade appreci polici valu allow beij
439,0.0032775723565109795,fur coat american furrier mink pelt inch liszt chopin mani yiyun like
440,0.010572051845356862,economi american consum time world like busi econom rate make real mani
441,0.011182899925293954,store retail brand compani say consum sale market product shop custom sell
442,0.017452056715200687,compani busi foreign china american chines execut invest govern market ventur commerc
443,0.004231195326939765,taiwan chen referendum beij independ offici presid state island militari warn formal
444,0.0025029601269122384,kraft fusion oreo chocol england insect cadburi time columbian exchang plant world
445,0.006823726854038359,wheat whittl farm american farmer say russia black crop world america export
446,0.0003890169591006647,lao rachel laotian vientian andersen mclaughlin busch talbot jeong cta gener compani
447,0.004295073325327592,enterpris privat xie collect state individu power role spenc domin nation whim
448,0.003797992027049623,music concert orchestra perform play musician hall symphoni compos piano work classic
449,0.003002462686727495,resign tung chief execut beij appoint juli departur public successor govern tsang
450,0.0007605252888926141,ecuador roth correa ecuadorean kham rafael naw rori open npr medcalf ao
451,0.0032741730317170322,yale pangolin robbin scale dang greenberg use open levin global world firsthand
452,0.0034882429491661024,deliveri packag servic postal fedex deliv mail parcel express post meituan startup
453,0.0048837500542606195,oil energi drill field compani ga explor product offshor exxon barrel reserv
454,0.03676749888250314,rare earth export shipment japan miner offici halt quota industri trade use
455,0.0513505241575637,zoellick robert summer foreign trade blueprint ipod thoma nation econom deputi countri
456,0.004970300473867099,gao zhisheng olivia edf kwan say brother york like demand husband pay
457,0.0003314430199335805,yan liao lincoln javier hern√°ndez dump fuman manag farley pandora construct debri
458,0.0020912676188899713,caixin ebola leon sierra liberia tseng suppli report region manag busi arkansa
459,0.13781906616173484,china export chines trade import year good product say manufactur countri market
460,0.004591241033303647,vietnam vietnames hanoi chi nguyen minh ho south countri citi tran moss
461,0.004507823067184983,cement cinnamon countri bark govern say spice use shortag gall offici expans
462,0.002812546189927262,foundat tao chariti niu charit clay peopl figurin report mani judi vice
463,0.008883660475287731,street shop chinatown day restaur peopl good like look place snake old
464,0.00041225298875627986,singer soccer bald reindeer dolan 100th grant comprehend alcohol coach paid takeaway
465,0.0043773074267318855,rudd tablet nobl ira govern kevin industri kindl iosebashvili compani like mani
466,0.011835969611590008,immigr refuge peopl mani arriv chinatown york citi live commun countri number
467,0.009458528742488198,health medic care doctor hospit insur treatment patient say clinic pay peopl
468,0.0028965946767927765,poison counterfeit toothpast diethylen glycol compani fake tube use offici export panama
469,0.005197772015683897,travel tourist trip tour visit visitor tourism day includ citi guid offer
470,0.004977020364128424,secretari geithner dialogu treasuri offici econom issu state timothi administr concern discuss
471,0.0112744159220818,growth global economi world econom europ recess forecast slow economist countri export
472,0.03676375121006392,wong dow jone shin trade fukui newswir board ifc czar sec day
473,0.0005362010145296838,wright disc ah hemp marijuana ong cbd dean verizon farm tom industri
474,0.0001820650459381646,robin steril wuer placement munro retard pervers kirsten delug kaixi wrath tatlow
475,0.005161553282533493,court case lawyer judg charg legal sentenc trial prosecutor convict appeal law
476,0.007134813140962829,ga natur energi pipelin billion suppli lng deal cubic project liquefi export
477,0.18625946164483762,trump trade navarro mnuchin presid kudlow tariff white lighthiz hous advis peter
478,0.07595210179551201,china chines econom new market trade beij compani technolog economi global polici
479,0.00015535567462457214,pole washburn goos watson maotanchang puccini sparrow monywa abigail banjo fit concur
480,0.018633787211053153,read harvard shrimp book cambridg porter brooklin store squar bookstor librari concord
481,0.005514531518982849,deleg amend constitut session tourism congress legisl privat propos annual legislatur peopl
482,0.004309874588734731,linkag markey woodi hey american schultz debacl voter presid henderson bait senat
483,0.00474931889013665,pompid rebut debat open zakaria project like stewart work regan state west
484,0.04768684377292333,investor market global asset bond manag year trade said invest yield risk
485,0.005014318569810932,asian econom region east asia group divers central organ japan american member
486,0.010143973629297736,countri nation climat develop emiss cut negoti world agreement copenhagen global commit
487,0.025984108826967348,digest lucki number winni vitamin like greenpeac auspici defici golden make trade
488,0.008485284515171583,uighur xinjiang attack ethnic region peopl group polic govern han kill offici
489,0.0017352025836462242,egypt egyptian pang cairo mubarak hosni erron middl east countri moham arab
490,0.006129673289371995,citi build park beij like old place street center built tourist look
491,0.003604991247458055,kadeer exil bust businesswoman rebiya hezbollah uighur covertli lubold world gordon presid
492,0.0007577485118667602,arctic norway netherland belgium finland polar rout sweden austria alaska northern franc
493,0.0013658661843036824,potato banana cruz work ccp amantadin leibold tank dyslex english ream frontlin
494,0.0063287364617224335,fossil bird dinosaur evolut creatur feather speci like scientist paleontologist time discov
495,0.21067493025868952,trump presid trade donald tweet deal white hous american administr make war
496,0.0025933191290025428,wreak havoc compani renminbi lamp forbad time terracotta beig subscript entireti irv
497,0.005075645881861794,water citi river say use area industri environment project million plant drink
498,0.0025682379268955643,silk ding spirit merchant alley liquor market blur stall diageo pernod boxun
499,0.019294742108168367,white hous dinner state offici visit guest tashi presid steinberg nation washington
500,0.0031648775820970736,bannon hawaii au hawaiian madam polit white pat blue breitbart presid note
501,0.0006602219970479203,poon terenc yellen saumya vaishampayan fed janet servic volcker gregor erhu turn
502,0.00023044272398702452,lai tesco mosquito dengu gwadar jimmi giordano ascrib piot zika fetal nao
503,0.053404906233161235,dollar euro yen currenc late price point york new basi franc trade
504,0.002469693105838761,mortgag freddi fanni mae mac govern home hous bank thornton secur loan
505,0.004717512170135893,intellectu properti trademark protect counterfeit infring fake slave brand right knockoff enforc
506,0.003783773891734582,muslim uighur camp xinjiang minor ethnic islam religi govern human intern right
507,0.0025242767817428903,jeann rey whalen use face cnh economi busi citi come consum gdp
508,0.0034261196363821094,firework nokia magic netflix finnish display million juli fourth pyrotechn hast make
509,0.0171711702030464,commod price demand china year global oil world market materi like raw
510,0.005032081095080735,kunm ralph lauren elli depart say px shannon includ like lampton yunnan
511,0.002892572475963894,opera perform theater stage music product audienc sing play tradit art actor
512,0.012317639170136195,technolog compani engin work use silicon say employe valley make machin busi
513,0.005476198291091841,aid econom beij countri help world money assist nation million uzbekistan influenc
514,0.005088671848824815,rethink pathway hash chandler barcelona say lebanon joff mani world countri expressli
515,0.003965080875938501,investig alleg compani accord charg offici depart case prosecutor offic document govern
516,0.005516709336668377,rice offici diplomat bolton secur talk negoti russia enrich iran meet state
517,0.006614276882243963,antiqu art cultur loot relic market item import dealer say heritag mani
518,0.006328184749377799,boston massachusett globe born school colleg graduat univers commun advic high reach
519,0.0012706784738657853,stone hurrican gulf floor depot coast ocean home antipiraci vinyl commenc heali
520,0.009247979026313486,state unit taiwan reagan american sale relat offici arm peke administr washington
521,0.3547524680716798,trade wto organ world rule countri negoti repres member open administr market
522,0.008741634944060897,televis broadcast tv radio video media station channel program news network viewer
523,0.00784433889397681,jon angl say mit gp chesto mani irobot tuft research lgbt american
524,0.006105266956004697,brazil brazilian da paulo sao countri silva europ america rousseff world lula
525,0.0004982478378821218,macao portugues portug coloni gambl enclav lisboa return hari percent taipa offici
526,0.001020751187982963,patent sock cole fort swan nichol alabama file ftc compani associ product
527,0.00580416842396122,reserv bank financi central capit invest banker governor debt manag market govern
528,0.00022570329877569012,jia sarkozi chai nicola arbitr lauri burkitt french sin bolivia moral zhangk
529,0.0009262405425126942,baker util 3d jame yiu cypru meili aussi member queensland brisban chief
530,0.004096818371923364,nigeria nigerian east timor dissolv terror govern state middl nation countri woodsid
531,0.005264167468753162,milliken kohl compani say cube freegat hondura group nordstrom penney work execut
532,0.007919034593754906,god sect peopl jesu salmon lightn million almighti rais long hymn separ
533,0.0022073796380862225,toilet garratt julia daimlerchrysl dove coupl coffe interrog restroom world vo public
534,0.003623773764639247,carson millenni sub tie peopl thyssenkrupp reproach danwei bandi bull di mani
535,0.011222261640957805,hear committe testifi testimoni told feder trump letter mueller hous counsel washington
536,0.0001749473203633764,wanda amc legendari lilley dalian agil chain jianlin mangkhut repatri einhorn nobl
537,0.009858470940645415,newslett leonard chien make cita dealbook like renminbi american say beij shame
538,0.006475163542668931,hoffman say like nation govern start right linkedin public earli includ countri
539,0.09945861425409072,ban ivori eleph trade wildlif illeg poach conserv endang speci intern market
540,0.0021643671506661587,el paso albert kwok arnold border juarez hung jennif play weiss jose
541,0.007330456632155407,gold ounc silver metal preciou price ethanol sugar platinum bullion use settl
542,0.003915594205575934,prison releas detain arrest detent sentenc polic author right charg lawyer beij
543,0.00033933975770709154,ellen hors wallac ruth chile dan choy bok veggi sichuan gourmet aunti
544,0.002548790353737983,hair long legco che lahn urin unruli idol geisha iq mermaid recent
545,0.0010964544808902568,cabl hainan island sanya undersea connect tropic commun southern line rerout servic
546,0.003266894204142338,emiss carbon global dioxid cap reduc nation greenhous climat limit cut industri
547,0.0004036539691271076,dole gill ray siobhan gorman instig deer ackerli kerr accord vilifi manta
548,0.005737068832110085,agent johnson chin intellig spi motion document classifi pipe espionag agenc servic
549,0.0013831826234603892,guesthous warmbier otto huckabe diaoyutai exempt 2nd govern question circu american reciproc
550,0.010045367537037338,home hous price citi buyer apart market buy govern real properti bubbl
551,0.008385272687706101,foreign program invest oversea allow domest investor qualifi capit quota regul rule
552,0.0011379044084740752,max baucu strand montana backup heaviest salisburi woeser thorn premedit baucuss snowstorm
553,0.008053412179865688,xiao xue tenni day like american player tabl sport time ball make
554,0.015400835438274042,popul countri world rate age peopl econom growth number million develop nation
555,0.0005099040733140185,fujian ping koch mammoth fujianes york chinatown rice crook goldstein provinc network
556,0.001940904966722974,membership gatt jeju kuril observ nakamura econom hengdian undefin world midpoint tai
557,0.005985805303967543,zhuhai hawker mudslid say accord like citi servic morakot articl drawdown jone
558,0.0009678028969318953,hole criteria qq natali chastis quartz black thayer erupt joli gillespi volcan
559,0.0030018739512023313,goldman sach hui dixon pencil dc group linxia govern want like compani
560,0.02781128453012749,tax pay cut incom corpor revenu rate levi capit busi financ taxat
561,0.001032144941121448,rent rental tenant landlord home vape circu group star servic anis ambul
562,0.006662365747053176,student univers colleg school educ graduat studi american intern program mani campu
563,0.0037955687424603853,villag local offici govern land resid farmer provinc polic counti author compens
564,0.008288724209530423,cash capit market billion bank like overheard equiti chinalco rio investor deal
565,0.02880596026238891,trump presid impeach democrat hous senat republican say elect polit inquiri investig
566,0.001109146627176863,tan beer brew breweri brewer craft drink tsingtao quotat bar pub beij
567,0.006169515670135803,seminar countri antiretrovir peopl outrank intern central regimen make research talk jianhua
568,0.007915055924625786,organ donat donor transplant voluntari prison execut use support mani citizen peopl
569,0.0006161962415722813,crown fong mekong lieuten firecrack saddl helmet armor arent arm thirteen misunderstood
570,0.0027920713149683736,jordan ginseng wisconsin moy youll american compost root plant bernhard pika say
571,0.0036363866380707465,portal robertson citi finalist shan peopl work manufactur neural ammonia guangm lixin
572,0.05201198590800193,yuan china market bank beij chines central trade money investor capit pboc
573,0.004283612521540653,hotel room resort guest travel open luxuri busi citi tourist tourism manag
574,0.008391799208650677,parti polit govern reform communist peopl offici econom mani leader social public
575,0.007715303782807202,open art work museum artist daili galleri paint sunday nation saturday american
576,0.00902544315173056,zhang say like use mani peopl time work studi credit help govern
577,0.0021047276286446036,plantat roach rubber hitch concierg da pao tree mcnalli make practic open
578,0.04098438427354015,trade american dongguan america econom hooker lowel navarro say compani make citi
579,0.0047193059371421755,sichuan school chengdu govern earthquak offici collaps build parent provinc construct mani
580,0.009680954137872283,retir elderli age older live peopl work home care young mani worker
581,0.012626654868018295,dress wear wed suit tailor wore gown cloth coupl like white outfit
582,0.00048118940115257625,miao grove ohio noon andi commun secttr isl repres youngstown blum insurmount
583,0.0024915207727187207,bhutan racism montreal racist ozon spear rall leisur martyr condition insul protocol
584,0.0015241409885124485,wu harri pipa say privat andrew hope ying krono stori home charg
585,0.003883875045528877,harbin heilongjiang surinam citi sterl day street chew make mani frigid peopl
586,0.04173805221895427,union organ feder say worker employe offici repres store acftu compani trade
587,0.005709053002126341,arm french franc lift embargo britain pari british sale european ban say
588,0.003671967702058297,chow staffer lobbyist maloney trip driveway group autism busi time like kombucha
589,0.013511706719464835,pei home like kid room live famili time love hous day want
590,0.0019249870311107756,envelop coach huiyuan tian offic baker money red regroup help month end
591,0.04910754706126906,sanction export state offici administr impos american unit missil depart sale trade
592,0.05422407527630085,africa african south countri contin develop trade zambia billion nation nigeria angola
593,0.0056292833744678375,bremmer eurasia ian countri govern state capit polit tvb make say jinsong
594,0.0013792019520089118,chao kazakhstan kazakh canton foremost famili group sauytbay osborn central khorgo almati
595,0.00011039043385805038,shaft gabbana dolc vivian fta len rhinocero rosewood cemeteri bombard incompat salama
596,0.007049040891403842,bond debt yield issu market billion investor rate corpor default compani price
597,0.003915075093444002,laptop negropont peopl kaesong firm hepe fengrui lefkowitz accord lawyer day quanzhang
598,0.008094837481502524,oil crude barrel energi price demand import million suppli day product refin
599,0.004999778841196328,kim north jong korea korean nuclear leader meet summit pyongyang il visit
600,0.0028211074564354617,formula babi milk infant powder scandal dairi taint govern sanlu melamin kidney
601,0.004793333777874845,ethiopia djibouti ethiopian say base outpost africa addi foreign secur ababa countri
602,0.0020630949011630887,vincent superfici auslin world detour dictionari protestor erstwhil vein brinksmanship especi great
603,0.0005083414391336359,hutchison tsinghua pipelin keyston whampoa clone product alto palo xl alberta koh
604,0.01792701480113579,emerg market say fund manag invest investor countri stock portfolio develop global
605,0.00732419388235294,tire hangzhou rubber kelli import recal cooper foreign gum say zhongc safeti
606,0.00412551727121595,chan law legisl hong kong legal govern independ oath lawmak ip basic
607,0.009549006213182366,world centuri econom power western countri west global rise polit modern develop
608,0.0033768529451218363,dive cefc chad ye say disinform compani polit jiaolong explor meter foreign
609,0.0008888966844658656,huang yong eddi ling fuzhou offici friend vitamin yi discuss work end
610,0.009704455010960147,venezuela ross chavez venezuelan hugo presid maduro oil billion caraca govern countri
611,0.000516314868908901,bmw donkey harmon whiski spartanburg scotch south arch german carolina merced unwarr
612,0.012384273916669889,articl correct incorrectli error edit dow reprint jone licens misstat refer time
613,0.007484581746943842,asia asian region southeast south thailand korea malaysia singapor indonesia east japan
614,0.002571838724594893,fenc gari lilian apprais stephenson dish america world jill stimson betray arch
615,0.0017014957720660015,chemic spill harbin toxic jilin offici petrochina citi northeastern shutdown songhua shut
616,0.0012973494175301705,volvo geeli zhejiang group swedish hold compani plan develop maker equinox shufu
617,0.0012055808915067128,scrap recycl metal cummin materi milwauke michigan compani mint peach kimmel industri
618,0.006251990593924005,fang today dissid beij student minist martial movement crackdown democraci demonstr tiananmen
619,0.09919753263941092,trump pro trade tariff percent mac billion mushroom presid monday product appl
620,0.006468974182867224,bike diamond jewelri jewel like bicycl stone necklac ring time make graff
621,0.10362615167189944,human right trade american beij clinton presid polit prison statu christoph renew
622,0.008655893776266878,plan govern econom growth target economi offici nation polici annual meet reform
623,0.00955135857786774,appl iphon sale ipad cook store product model peopl tech time analyst
624,0.004030499908073134,rate downgrad moodi fitch credit guan dagong firm compani govern notch poor
625,0.059246390193923186,siemen compani trade say german engin manufactur germani global like use soe
626,0.0005580297566678402,deaf antiship guangli xiaotian benq sever underwear vat flournoy use refund asaf
627,0.010309112252982438,network news cnn cb nbc wan abc anchor report sunday tonight night
628,0.002737882570578606,medicin recycl tradit use herbal compani materi herb heal plant supplement acupunctur
629,0.007103968119271327,restaur shark banquet fin soup say serv like chef waitress cafe popular
630,0.0010430890054235122,duan clsa satisfactori jang undu abolit econom dearli sinc infrequ upturn foregon
631,0.011873908622737442,russia russian moscow ukrain countri putin vladimir bric medvedev nation nato world
632,0.001183629915919145,jason nail leow straszheim longev rosi greenwich central growth offici econom upwardli
633,0.0022348303306480087,ng proview slay lap delek tenzin chi week busi make shop abram
634,0.10576547510443539,textil quota import trade export industri limit apparel cloth impos agreement american
635,0.0019969947749716066,alcohol polit thoma digniti econom chang mer word reform nation social unstopp
636,0.005027132397431605,glencor zinc brake copper world market price mafia valentino say intern countri
637,0.0038290870219215263,airport termin ford nan handl rick arriv work carew point american passeng
638,0.00041848637602456254,nissan coral austin ghosn leaf carlo sang reef razon helen arrowhead bean
639,0.002552079024413244,crash kill ball fatal wednesday accid passeng terri gou safeti kubota yoko
640,0.0030505091371457647,site internet web googl govern censor search censorship block onlin user inform
641,0.005027319160249509,yang penc presid beij interpol accus polit influenc nation offici interfer jiechi
642,0.00378143758604125,facial chua recognit institut like govern iflytek surveil macfarquhar use person galston
643,0.0028276494650295494,wolf ram barn jackson blue head twin black rock roll center jammin
644,0.001287019863283541,syria syrian assad arab regim bashar opposit damascu annan militari russia kill
645,0.0017413279044437688,morgan stanley schellenberg peterson retrial foreign carr sdf ward howev summer matter
646,0.024024222859163943,obama presid meet leader visit trip state summit barack white hous american
647,0.0026430825540592813,qingdao denmark greenland danish rasmussen plan yacht compani world use hershey offici
648,0.016450636222304364,bush presid administr american polici say white washington econom georg hous offici
649,0.0016662405078763792,peke western photo opera cultur sinc american tour style miss form perform
650,0.004060550422686889,geng shuang fortun zao cooki say citi rabe backhous make way live
651,0.04698899646532403,tyler trade million billion offici heathrow presid talk govern intern expect american
652,0.00943296287531873,product consum recal manufactur lead safeti make compani say use commiss custom
653,0.004416048515198924,alibaba onlin platform fake compani taobao shop jack group site consum sale
654,0.002535392662927914,burn funer harvey bodi coffin york mourn depart mourner rosenth servic examin
655,0.009396952414504434,cut fed policymak econom offici economi outlook like risk job meet rate
656,0.0013164938940695458,hua rajapaksa offici guofeng minist clapper power secretariat chairman commissar sirisena govern
657,0.02971459862257459,warrant lion everbright autopilot turnov agbank wyden ringlead trade took ron dissatisfi
658,0.00910792754413094,advertis cctv soni ad entertain million commerci say televis vip recal cognac
659,0.002791349231341959,steel phoenix coke furnac industri product germani hangang compani state countri pollut
660,0.0017803319413374522,toyota ireland hybrid shih neg bank rate portug central koji bulgaria miso
661,0.004888822785634322,solar panel manufactur industri compani energi govern american subsidi price cell state
662,0.0025586589174811008,walmart valley silicon webb compani execut industri govern report mengniu discrep lucent
663,0.006204809930598615,say feldman depart mani zealand unit american conserv muhammad nation industri make
664,0.004463314509025977,walker pigeon fli sha say manufactur mackenzi produc product macri alloy american
665,0.007867727062195693,say backlog free foreign execut countri presid immigr elimin includ carolina demint
666,0.0038378981934195635,drone cao outsourc predat dear use unman telegram underwat american surveil develop
667,0.004935843717175718,steel iron ore rio price steelmak tinto industri bhp ton compani world
668,0.007500293663952391,energi coal power use electr emiss world plant clean ga carbon develop
669,0.002958014620597522,henan zhengzhou millionair provinc peugeot psa fan idg industri sinc peopl citroen
670,0.014876606257669166,miss contest pompeo mike world pageant competit beauti talk compet come axi
671,0.000545709725958124,stapl ko maggi stevenson climber cut illicitli romanc abyss staff bu copley
672,0.0032962784473531868,saudi arabia arab gulf middl emir princ persian moham countri qatar east
673,0.008519389760839068,govern growth debt economi econom stimulu financi economist china beij polici market
674,0.0036504604800507395,miner coal shanxi safeti underground explos accid trap govern offici provinc work
675,0.00124641884547316,noda suzuki yoshihiko kite buy beij ad offici karakoram mochizuki kashgar takashi
676,0.0036640356269059416,citi jane bike govern asa nonresid boomtown compani local lanhe hydro like
677,0.017345665410378804,day friend work live time peopl like say told home want famili
678,0.004782805525260647,say law mcconnel depart lebe california state individu rais oppos use pass
679,0.054344997635055875,provision kevin trump tariff trade hassett presid percent manufactur american unit heck
680,0.010428590900214875,berri juvenil pardon make johnston like use juici asustek chair peopl compani
681,0.004897232955396915,wen premier jiabao beij prime minist offici visit comment govern leader say
682,0.03478862242787519,davi bob retract ned use say industri trade anoth investor compani buy
683,0.005142036048220055,bank london group servic royal said licens reprint articl rose china motor
684,0.0012288157878890412,poverti comedian damian manuel comedi paletta swear joke kimchi unnot govern old
685,0.006311738108794471,lace say beij accredit foreign ba govern cereal product inco make local
686,0.0035050426519805996,ton metal copper aluminum price metric produc demand coal import million analyst
687,0.04511816060200524,zone market trade champagn countri boj say icap open chief end number
688,0.009353853060120808,green softwar comput data inform govern use monitor instal requir industri say
689,0.0027205512164843616,garden build design hous mountain architectur built old tree citi roof wall
690,0.008294393298132268,say hale make capit countri khanna birch chx locomot govern local need
691,0.00021376387243297168,forest passeng dali ventur guilin guangxi punk golden forestri cabin deck dior
692,0.004934958581382953,howard kingston nyu khabarovsk maxin amur ______ say work peopl countri usc
693,0.0020358911554465274,museum art collect exhibit piec object display includ bronz centuri carv galleri
694,0.01139415282616999,motorola sky reintroduc mackintosh herb hookway miser manual mon sherri thi saigon
695,0.07154765928429409,year china sale said new million market expect billion rose increas earlier
696,0.002298749203348118,jiang du wo buemi bailey cofco told say austrian group small compani
697,0.06251706531512471,stock market investor percent trade point dow averag earn sinc invest week
698,0.006912303126836732,compani busi privat entrepreneur group invest money firm financi accord execut million
699,0.0053173262903824505,aid mental blood infect needl center hiv h7n9 health peopl mercuri psychiatr
700,0.0030833589287634776,road walk street town shop hour citi day bu local night head
701,0.003310261986008394,summari tenet nake kuroda goldberg ebb pear like malay maynard precautionari fassihi
702,0.0047637058980087455,like bar shop citi loung stroll boutiqu night peninsula french best open
703,0.0011848537746173545,triad columbu toyoda rumsfeld palladium offic menzi question use handbook historian malcolmson
704,0.003093977604837919,furnitur bedroom wooden import maker factori bed manufactur tabl cherri american piec
705,0.013061553134260847,compani deal billion sharehold execut board merger group million share plan chief
706,0.007006367847152348,crane grid econom presid like friedberg polici reinhart gener state subcontractor handicap
707,0.0014993554326087385,foxconn hai suicid hon precis gou robinson electron assembl includ plan contract
708,0.013932667123090854,invest review deal foreign secur nation committe govern compani concern technolog acquisit
709,0.0006584432694645207,yao chung hou nose surgeon eye yilin interdepend surgeri improv mtime upsurg
710,0.001966643824746884,sea island boat water south vessel coast ship fish navi mile naval
711,0.02890280374787772,usa today hunter photo say macleod calum sunni paw archer lack work
712,0.006455388847641646,japan abe minist prime japanes shinzo tokyo war countri leader nation militari
713,0.005973663941301504,lenovo ibm pc comput busi dell person server machin say neighborhood equifax
714,0.0025465559610826517,gate robert stealth test fighter secretari defens visit beij militari flight appear
715,0.0034430676304032155,food product safeti inspect fda drug agenc compani ingredi contamin recal administr
716,0.0019194270720513283,macau casino gambl la vega sand wynn oper resort revenu game mgm
717,0.006095365025676281,region beij state asia countri unit south nation secur militari asian sea
718,0.00021588541055363956,kinmen quemoy bi championship carlisl protector replet matsu shell stupa densatil goddess
719,0.00477007005277781,state unit hyperson american scientist recent scientif antisatellit washington polici make biomed
720,0.00021475056554437944,bai cd stuart instrument higgin straw mandelson tseden unblock reconven serf emancip
721,0.0028062998580912213,maryland murdoch wendi rupert dreamwork omalley myspac yugur news corpor peopl youku
722,0.005671297511145243,zheng say mckinnon ming omit beij foreign fratto apolog good compani univers
723,0.0013184730538299027,pirat copyright piraci dvd music movi copi legitim distribut counterfeit soho rampant
724,0.0063255952976203015,properti develop govern price market land real beij shanghai invest measur estat
725,0.004916970356784367,oil compani petroleum sinopec cnpc refineri petrochem nation petrochina stake ventur produc
726,0.0035027773350166437,compani caterpillar tesla equip machineri construct maker product industri market manufactur chief
727,0.02826095100588575,virginia rhode blankenship mcauliff west state job wuttk trade bristol belgian center
728,0.012078628232789997,game play olymp american anthem world enemi player chicken totem guam howev
729,0.008426602821611602,bid cnooc compani unoc oil contract chevron metro offer nation buy deal
730,0.008734484834345102,unit state asylum immigr deport offici depart return justic countri govern law
731,0.003125997997564091,davo roman 3m forum attende reassess elliott world montgomeri ceo global busi
732,0.0028882708588682544,carmik pod make cattl reid regal good juul ev element real direct
733,0.005988135401271832,dubai abu dhabi like econom demand economi growth unrestrain gulf region energi
734,0.0044239367806267,mann childbear sperm world like ultrasound peopl tram run use hooligan travel
735,0.002075132054898752,reddi sudeep methan dearth tanigaki plan conduc countri face strong facil silvercorp
736,0.0011782659998953579,engel dao repetit prophet unconfirm govern author studi clearinghous start rarer shortcut
737,0.0029152140234553446,mo luo defect hijack suit scientif lawsuit materi mesh implant use crew
738,0.0012401281726267907,cocktail kitchen hardwood stein plywood oak steak bar kendal open kara cabinet
739,0.010671110804445206,like young peopl man time cultur way old life live make look
740,0.004573557943456897,gm motor plant chevrolet compani liquid bankruptci oper hummer includ say local
741,0.00591199213308514,gun shoot firearm hire rifl weapon kenni quid quo pro pistol oconnor
742,0.0009025247564190071,hotel marriott anbang insur hyatt hilton waldorf haier starwood compani astoria brand
743,0.001082048915283542,kennedi teng center jar vase million washington potteri gibbon scott webster shard
744,0.0002360086933421995,valv homeless tongzhou changzhi hailian regener ou szeto contravent tyco maim york
745,0.0038167942478913213,perri peanut pine hardi home market like wolter start american hour group
746,0.004668282380175587,rong glacier friedman invest govern need nation world percent scienc econom state
747,0.005560421734873807,compani phone market smartphon mobil sale million servic devic samsung maker revenu
748,0.18084543924150837,trade administr hous congress democrat republican polici lawmak white support congression presid
749,0.01077339261989109,index rose fell stock gain share close market point china said dow
750,0.002938149038192721,electr govern fuel batteri citi vehicl diesel gasolin wuhan subsidi cost car
751,0.0018664580142194916,fu kung shaolin martial osawa juro lme rusal million port templ use
752,0.007055056735867834,air beij citi alert day analysi inbox studi smog world level health
753,0.0011872684729213926,delta nobel confuciu banco laureat surgeri prize winner asia counterfeit macau money
754,0.0011843529862172796,audi volkswagen vw ag premium bmw sale brand ya tudou jaguar program
755,0.003439012504123894,bodi human nerv teeth bone cord tool head jaw team spinal homo
756,0.005589074138796709,serbia bosnia yugoslavia serbian nation forc unit serb belgrad countri bosnian say
757,0.011120701218819808,li say father famili son day make want told home left like
758,0.0037251014160447514,clark starbuck coffe ma duncan merck carlo compani tejada busi work mandalay
759,0.007567745007277042,school teacher languag learn class student educ teach english high cultur children
760,0.019192294069378286,presid trump white hous meet advis aid administr week approach talk day
761,0.005168907089488922,philippin south sea claim dutert disput island beij manila territori presid intern
762,0.0038348234402708894,write book writer tiananmen polit author squar peopl communist publish stori wrote
763,0.0031397988025049692,beij debt invest countri forgiv disquiet loan billion concern chatham spegel financ
764,0.004491266395122062,quantum plagu babi peopl happi sens purpos lamma encrypt life hongkong time
765,0.0047506505139705115,lee kuan boao yew singaporean say loong hsien singapor leader beij countri
766,0.0022059064404081593,florida bay tampa petersburg photo zhan chop area hillsborough contact counti carver
767,0.008538532057969206,wind stimulu turbin energi money job american project farm program say report
768,0.00934354155010843,council secur resolut nation unit member diplomat state support intern perman ambassador
769,0.0019664127682882016,broadway athlet flush oliv street manhattan avenu york open olymp irish roosevelt
770,0.0036340618592407177,medtron percent pacemak million compani kwong say price robb buy lennar report
771,0.13262442078580877,trade japan econom trump countri allianc partnership alli minist deal presid unit
772,0.004199464114347545,shen band tong lim rock album member ghost guitar huaxi like metal
773,0.010526001609971733,offici obama presid meet administr issu beij relationship white visit washington state
774,0.005197780025784654,carlson icc econom warburg time say pass gingrich govern oper world mp
775,0.010155045859206575,fish say interpret maersk fallow compani servic octopu mauritania nation make like
776,0.0029898411873633284,pork meat pig chicken food beef poultri hog feed anim produc product
777,0.006310500862376932,gong falun spiritu group practition say movement member govern follow ban cult
778,0.003830600774829506,lu xun peopl moser help speak member short kevin slide make day
779,0.0036651440940081792,itali italian rome mainstay prato come bodyguard way florenc mani say silvio
780,0.0009428237799348956,kidnap buck pearl abduct walsh sullivan barbara everett kidnapp ransom communist littl
781,0.002214513434990163,cuba cuban schwarzman castro carolyn abbott blackston fidel havana acton econom presid
782,0.002031439913976545,xu mei tai tian zoo panda giant nation xiang cub offici born
783,0.005089598545961631,histori book centuri stori ancient write like time great cultur histor earli
784,0.008840300882584749,rate bank ecb central cut china said draghi benchmark tom profit lower
785,0.00791907170122045,earthquak quak relief peopl rescu disast tent area effort devast help survivor
786,0.004248939214200977,brexit wellesley solac nick mauldin railroad heffernan astound timirao ala prosun incap
787,0.003680284165314719,film movi hollywood studio director produc releas filmmak documentari star make entertain
788,0.0028178057006112926,zhai toledo steven santo marina sasol ningxia offici vilsack work bell peopl
789,0.00689761023248857,disk barshefski american wheel compact tunisia charlen market like busi peopl factori
790,0.003433610289810312,letter rubio marco offici depart sanction surveil state includ secur hikvis administr
791,0.0025218509360603334,map schell ricci orvil world gasif gloriou jesuit matteo western mathew tonga
792,0.15534405027366896,job trade email scott studi loss interview research million manufactur claim number
793,0.03516124972062156,america latin chile countri costa region peru american caribbean rica chilean santiago
794,0.1046853755165289,futur contract exchang trade market trader commod price specul chicago hedg soro
795,0.00539530513135989,american ketchup tomato ryan basuki industri earli spi like becam help way
796,0.004127366201961876,metaphor jeff jacobi american million milton produc state daewoo compani say price
797,0.0018685658148803845,lord helm jess winston qu ambassador carolina altman north rose senat bett
798,0.14347459322991415,trade dandong trader border busi cosmet good hyundai river export say countri
799,0.009672209724026243,countri gap incom rich econom inequ poverti poor develop world job nation
800,0.041079758452734615,japan japanes yen tokyo export economi econom trade trillion product countri market
801,0.002184213672356213,clock cia nam brother rodman half power intellig decid report accord nicer
802,0.017740894391752738,war nixon american kissing histori world richard henri ii nanj histor historian
803,0.0019812178956679534,symposium virgin purs global hana good offici billion week author control announc
804,0.0009677507774363161,warrior firefight blaze terra admiss cotta harvard cutter qufu fitzsimmon recrimin reagan
805,0.002316757141684436,greec greek auster euro mellon countri bailout aid union europ offici fund
806,0.004169982628893334,seed corn modifi genet syngenta approv compani plant monsanto market say crop
807,0.014317832000255588,say mark think delawar peopl like srinivasan govern want time way believ
808,0.011802879142162125,women men sex sexual woman prostitut femal male young rape ling victim
809,0.013978717520191598,global econom world countri financi leader intern economi meet develop summit need
810,0.0033450477402824945,gay marriag homosexu lesbian hsieh marri transgend discrimin coupl sexual group say
811,0.001504948122700789,film oscar sixti man guterr movi stori iri director star play emanuel
812,0.03656648205600211,unit state percent american intern countri number million accord report come sinc
813,0.011716456600324915,billion treasuri foreign purchas hold buy net trillion secur total govern data
814,0.005309803261688002,food rice grain agricultur crop wheat million ton farmer corn world price
815,0.004940394669753802,smuggl illeg arrest offici gang york polic crime immigr charg author money
816,0.007304114947020227,ammunit mak say ginger aid compani pesticid california govern use export mart
817,0.007634080754048777,weld cho lyna like compani oasi lacaz american hahn manhunt work varganyi
818,0.008861952730424604,guo hna say york like billionair wengui speyer hous includ work tishman
819,0.0039510325826468025,gorbachev soviet summit meet mikhail moscow leader minist foreign beij visit relat
820,0.0010476630760542437,aw anhui hefei sworn dossier arrow qiao leisur sect2 thale provinc busi
821,0.009058879189864888,bank billion hsbc lender insur peopl familiar group hong plc banker deutsch
822,0.003609897701157704,kaplan curran sanctuari felix pal enda say yanzhou hart malden firb make
823,0.002639594006279929,securit doubli overblown brethren exam gail test like underemploy ayup beij underli
824,0.007016561054430604,carter jimmi american unit secretari presid regan state visit agreement includ meet
825,0.010482734693548913,refriger like baijiu american transship say daley carp steel magazin use hearst
826,0.00480200307636233,robot autom yau traine needham human work mathemat like design mathematician denisovan
827,0.0030782863722036745,women gender feminist femal equal work franci blue ridg male 7th ladi
828,0.005785871036373514,aquino hsu iii presid reed arroyo benigno democrat midterm texa win parti
829,0.01184163815879389,club king team heart play west south east led spade trick diamond
830,0.00378084901665716,train rail railway line ministri station passeng track accid safeti speed railroad
831,0.003443377180169386,coal colombia export million import colombian tacoma termin basin coast port washington
832,0.09754913508750472,farmer soybean agricultur farm trade tariff export price corn crop billion market
833,0.005596135772259522,nuclear weapon agreement program uranium offici deal reactor use negoti administr atom
834,0.0009397399311474454,warren elizabeth sander tu berni orourk hoshur pete fraser klobuchar rudi buttigieg
835,0.054280576609299254,unit state alberta trade american jean billion canada export hongxiang noranda nation
836,0.007624915871245669,execut chief presid busi chairman say offic ceo compani market manag group
837,0.0008662157898787869,cambodia thailand thai khmer cambodian roug bangkok vietnames vietnam phnom pot govern
838,0.00399958779553242,mari micron jinhua kay bung say midland canadian sale adm archer month
839,0.02123286489163069,geoffrey sir luke fowler kuhn say oliveira goldin howe announc tuesday trade
840,0.01026603454888318,spend budget increas billion militari nation annual congress defens expenditur peopl govern
841,0.012285768335237356,world global intern econom economi countri beij role institut currenc financi clout
842,0.006135988169233397,leagu void work riley like forgeri sloan minjun disenchant baishi time manufactur
843,0.003528428041135008,japan island japanes disput tokyo territori east claim tension ministri senkaku minist
844,0.0009579878515928502,sear jefferson primat safe mid thiel secur blackboard state illinoi loss capit
845,0.02589111993841311,wire snyder knott riverdal steel price trap lobster trade make foreign mesh
846,0.0097463177085656,biden joe vice ukrain presid ukrainian hunter joseph democrat investig foreign decis
847,0.0050953737844583544,growth data economi month quarter econom economist manufactur report slow sinc expect
848,0.005115847231599118,armi soldier troop militari fight forc command civilian liber attack arm kill
849,0.0004627934704778299,bernstein sk sanford aerospac chevrontexaco rockwel sharpen donohu product collin se salem
